start,end,sequence,exposure,uptake,state
2,9,KQFTKCEL,0.25,0.422099448,alpha_lactalbumin
2,9,KQFTKCEL,1,0.430055249,alpha_lactalbumin
2,9,KQFTKCEL,5,0.525524862,alpha_lactalbumin
2,9,KQFTKCEL,20,0.532596685,alpha_lactalbumin
2,9,KQFTKCEL,60,0.565524862,alpha_lactalbumin
2,9,KQFTKCEL,240,0.646187845,alpha_lactalbumin
2,9,KQFTKCEL,480,0.729060773,alpha_lactalbumin
4,9,FTKCEL,0.25,0.327346743,alpha_lactalbumin
4,9,FTKCEL,1,0.3723659,alpha_lactalbumin
4,9,FTKCEL,5,0.522988506,alpha_lactalbumin
4,9,FTKCEL,20,0.642241379,alpha_lactalbumin
4,9,FTKCEL,60,0.750239464,alpha_lactalbumin
4,9,FTKCEL,240,0.832614943,alpha_lactalbumin
4,9,FTKCEL,480,0.854166667,alpha_lactalbumin
2,12,KQFTKCELSQL,0.25,0.20534996,alpha_lactalbumin
2,12,KQFTKCELSQL,1,0.213395012,alpha_lactalbumin
2,12,KQFTKCELSQL,5,0.35840708,alpha_lactalbumin
2,12,KQFTKCELSQL,20,0.479485117,alpha_lactalbumin
2,12,KQFTKCELSQL,60,0.609613837,alpha_lactalbumin
2,12,KQFTKCELSQL,240,0.724255833,alpha_lactalbumin
2,12,KQFTKCELSQL,480,0.76850362,alpha_lactalbumin
5,9,TKCEL,0.25,0.450777202,alpha_lactalbumin
5,9,TKCEL,1,0.440215225,alpha_lactalbumin
5,9,TKCEL,5,0.557592666,alpha_lactalbumin
5,9,TKCEL,20,0.52471104,alpha_lactalbumin
5,9,TKCEL,60,0.600039857,alpha_lactalbumin
5,9,TKCEL,240,0.669589478,alpha_lactalbumin
5,9,TKCEL,480,0.720207254,alpha_lactalbumin
8,12,ELSQL,0.25,0.029037768,alpha_lactalbumin
8,12,ELSQL,1,0.054659328,alpha_lactalbumin
8,12,ELSQL,5,0.245777187,alpha_lactalbumin
8,12,ELSQL,20,0.476940596,alpha_lactalbumin
8,12,ELSQL,60,0.741886506,alpha_lactalbumin
8,12,ELSQL,240,0.91155817,alpha_lactalbumin
8,12,ELSQL,480,0.943442779,alpha_lactalbumin
8,13,ELSQLL,0.25,0.240820219,alpha_lactalbumin
8,13,ELSQLL,1,0.251629312,alpha_lactalbumin
8,13,ELSQLL,5,0.415037355,alpha_lactalbumin
8,13,ELSQLL,20,0.514703545,alpha_lactalbumin
8,13,ELSQLL,60,0.611031632,alpha_lactalbumin
8,13,ELSQLL,240,0.662056907,alpha_lactalbumin
8,13,ELSQLL,480,0.704021618,alpha_lactalbumin
13,18,LKDIDG,0.25,0.307692308,alpha_lactalbumin
13,18,LKDIDG,1,0.407239819,alpha_lactalbumin
13,18,LKDIDG,5,0.585746606,alpha_lactalbumin
13,18,LKDIDG,20,0.715837104,alpha_lactalbumin
13,18,LKDIDG,60,0.833031674,alpha_lactalbumin
13,18,LKDIDG,240,0.92760181,alpha_lactalbumin
13,18,LKDIDG,480,0.94321267,alpha_lactalbumin
10,24,SQLLKDIDGYGGIAL,0.25,0.261780105,alpha_lactalbumin
10,24,SQLLKDIDGYGGIAL,1,0.387434555,alpha_lactalbumin
10,24,SQLLKDIDGYGGIAL,5,0.574530336,alpha_lactalbumin
10,24,SQLLKDIDGYGGIAL,20,0.707422236,alpha_lactalbumin
10,24,SQLLKDIDGYGGIAL,60,0.840468124,alpha_lactalbumin
10,24,SQLLKDIDGYGGIAL,240,0.87973514,alpha_lactalbumin
10,24,SQLLKDIDGYGGIAL,480,0.900369572,alpha_lactalbumin
12,24,LLKDIDGYGGIAL,0.25,0.315847395,alpha_lactalbumin
12,24,LLKDIDGYGGIAL,1,0.444424065,alpha_lactalbumin
12,24,LLKDIDGYGGIAL,5,0.664526779,alpha_lactalbumin
12,24,LLKDIDGYGGIAL,20,0.788517975,alpha_lactalbumin
12,24,LLKDIDGYGGIAL,60,0.880227439,alpha_lactalbumin
12,24,LLKDIDGYGGIAL,240,0.893983859,alpha_lactalbumin
12,24,LLKDIDGYGGIAL,480,0.912876009,alpha_lactalbumin
14,22,KDIDGYGGI,0.25,0.416356062,alpha_lactalbumin
14,22,KDIDGYGGI,1,0.556237667,alpha_lactalbumin
14,22,KDIDGYGGI,5,0.732514799,alpha_lactalbumin
14,22,KDIDGYGGI,20,0.809252357,alpha_lactalbumin
14,22,KDIDGYGGI,60,0.883358913,alpha_lactalbumin
14,22,KDIDGYGGI,240,0.926770445,alpha_lactalbumin
14,22,KDIDGYGGI,480,0.918438939,alpha_lactalbumin
13,24,LKDIDGYGGIAL,0.25,0.291431902,alpha_lactalbumin
13,24,LKDIDGYGGIAL,1,0.442005051,alpha_lactalbumin
13,24,LKDIDGYGGIAL,5,0.695550806,alpha_lactalbumin
13,24,LKDIDGYGGIAL,20,0.831940936,alpha_lactalbumin
13,24,LKDIDGYGGIAL,60,0.888284438,alpha_lactalbumin
13,24,LKDIDGYGGIAL,240,0.918981931,alpha_lactalbumin
13,24,LKDIDGYGGIAL,480,0.931804935,alpha_lactalbumin
14,24,KDIDGYGGIAL,0.25,0.259663565,alpha_lactalbumin
14,24,KDIDGYGGIAL,1,0.432534001,alpha_lactalbumin
14,24,KDIDGYGGIAL,5,0.716356478,alpha_lactalbumin
14,24,KDIDGYGGIAL,20,0.839656407,alpha_lactalbumin
14,24,KDIDGYGGIAL,60,0.90801718,alpha_lactalbumin
14,24,KDIDGYGGIAL,240,0.928775948,alpha_lactalbumin
14,24,KDIDGYGGIAL,480,0.930207588,alpha_lactalbumin
15,24,DIDGYGGIAL,0.25,0.27947695,alpha_lactalbumin
15,24,DIDGYGGIAL,1,0.45766844,alpha_lactalbumin
15,24,DIDGYGGIAL,5,0.688829787,alpha_lactalbumin
15,24,DIDGYGGIAL,20,0.846852837,alpha_lactalbumin
15,24,DIDGYGGIAL,60,0.916001773,alpha_lactalbumin
15,24,DIDGYGGIAL,240,0.986702128,alpha_lactalbumin
15,24,DIDGYGGIAL,480,0.964539007,alpha_lactalbumin
13,27,LKDIDGYGGIALPEL,0.25,0.220188285,alpha_lactalbumin
13,27,LKDIDGYGGIALPEL,1,0.362622036,alpha_lactalbumin
13,27,LKDIDGYGGIALPEL,5,0.559972106,alpha_lactalbumin
13,27,LKDIDGYGGIALPEL,20,0.676603905,alpha_lactalbumin
13,27,LKDIDGYGGIALPEL,60,0.751743375,alpha_lactalbumin
13,27,LKDIDGYGGIALPEL,240,0.775801953,alpha_lactalbumin
13,27,LKDIDGYGGIALPEL,480,0.812064156,alpha_lactalbumin
16,24,IDGYGGIAL,0.25,0.350639579,alpha_lactalbumin
16,24,IDGYGGIAL,1,0.537057938,alpha_lactalbumin
16,24,IDGYGGIAL,5,0.784424379,alpha_lactalbumin
16,24,IDGYGGIAL,20,0.891271633,alpha_lactalbumin
16,24,IDGYGGIAL,60,0.918924003,alpha_lactalbumin
16,24,IDGYGGIAL,240,0.90613243,alpha_lactalbumin
16,24,IDGYGGIAL,480,0.920428894,alpha_lactalbumin
17,24,DGYGGIAL,0.25,0.318215204,alpha_lactalbumin
17,24,DGYGGIAL,1,0.490084466,alpha_lactalbumin
17,24,DGYGGIAL,5,0.737789203,alpha_lactalbumin
17,24,DGYGGIAL,20,0.859162688,alpha_lactalbumin
17,24,DGYGGIAL,60,0.914799853,alpha_lactalbumin
17,24,DGYGGIAL,240,0.912596401,alpha_lactalbumin
17,24,DGYGGIAL,480,0.950422328,alpha_lactalbumin
19,24,YGGIAL,0.25,0.309278351,alpha_lactalbumin
19,24,YGGIAL,1,0.481222386,alpha_lactalbumin
19,24,YGGIAL,5,0.747238586,alpha_lactalbumin
19,24,YGGIAL,20,0.875184094,alpha_lactalbumin
19,24,YGGIAL,60,0.946244477,alpha_lactalbumin
19,24,YGGIAL,240,0.928387334,alpha_lactalbumin
19,24,YGGIAL,480,0.990243004,alpha_lactalbumin
22,27,IALPEL,0.25,0.092969283,alpha_lactalbumin
22,27,IALPEL,1,0.157406143,alpha_lactalbumin
22,27,IALPEL,5,0.3578157,alpha_lactalbumin
22,27,IALPEL,20,0.461296928,alpha_lactalbumin
22,27,IALPEL,60,0.520409556,alpha_lactalbumin
22,27,IALPEL,240,0.586348123,alpha_lactalbumin
22,27,IALPEL,480,0.640819113,alpha_lactalbumin
28,32,ICTMF,0.25,0.069710558,alpha_lactalbumin
28,32,ICTMF,1,0.02792499,alpha_lactalbumin
28,32,ICTMF,5,0.021606196,alpha_lactalbumin
28,32,ICTMF,20,0.098654709,alpha_lactalbumin
28,32,ICTMF,60,0.157969833,alpha_lactalbumin
28,32,ICTMF,240,0.317570322,alpha_lactalbumin
28,32,ICTMF,480,0.456583775,alpha_lactalbumin
25,36,PELICTMFHTSG,0.25,0.027225656,alpha_lactalbumin
25,36,PELICTMFHTSG,1,0.044930683,alpha_lactalbumin
25,36,PELICTMFHTSG,5,0.127442793,alpha_lactalbumin
25,36,PELICTMFHTSG,20,0.159512277,alpha_lactalbumin
25,36,PELICTMFHTSG,60,0.177384333,alpha_lactalbumin
25,36,PELICTMFHTSG,240,0.222482044,alpha_lactalbumin
25,36,PELICTMFHTSG,480,0.295807583,alpha_lactalbumin
25,41,PELICTMFHTSGYDTQA,0.25,0.003003003,alpha_lactalbumin
25,41,PELICTMFHTSGYDTQA,1,0.026088589,alpha_lactalbumin
25,41,PELICTMFHTSGYDTQA,5,0.111861862,alpha_lactalbumin
25,41,PELICTMFHTSGYDTQA,20,0.148648649,alpha_lactalbumin
25,41,PELICTMFHTSGYDTQA,60,0.201764264,alpha_lactalbumin
25,41,PELICTMFHTSGYDTQA,240,0.278340841,alpha_lactalbumin
25,41,PELICTMFHTSGYDTQA,480,0.326201201,alpha_lactalbumin
28,41,ICTMFHTSGYDTQA,0.25,0.041338583,alpha_lactalbumin
28,41,ICTMFHTSGYDTQA,1,0.055336833,alpha_lactalbumin
28,41,ICTMFHTSGYDTQA,5,0.189413823,alpha_lactalbumin
28,41,ICTMFHTSGYDTQA,20,0.236439195,alpha_lactalbumin
28,41,ICTMFHTSGYDTQA,60,0.294619423,alpha_lactalbumin
28,41,ICTMFHTSGYDTQA,240,0.375546807,alpha_lactalbumin
28,41,ICTMFHTSGYDTQA,480,0.422572178,alpha_lactalbumin
30,41,TMFHTSGYDTQA,0.25,0.092756539,alpha_lactalbumin
30,41,TMFHTSGYDTQA,1,0.119114688,alpha_lactalbumin
30,41,TMFHTSGYDTQA,5,0.256136821,alpha_lactalbumin
30,41,TMFHTSGYDTQA,20,0.325754527,alpha_lactalbumin
30,41,TMFHTSGYDTQA,60,0.365191147,alpha_lactalbumin
30,41,TMFHTSGYDTQA,240,0.43360161,alpha_lactalbumin
30,41,TMFHTSGYDTQA,480,0.469416499,alpha_lactalbumin
31,41,MFHTSGYDTQA,0.25,0.117038875,alpha_lactalbumin
31,41,MFHTSGYDTQA,1,0.141645988,alpha_lactalbumin
31,41,MFHTSGYDTQA,5,0.273159636,alpha_lactalbumin
31,41,MFHTSGYDTQA,20,0.330024814,alpha_lactalbumin
31,41,MFHTSGYDTQA,60,0.388751034,alpha_lactalbumin
31,41,MFHTSGYDTQA,240,0.42783292,alpha_lactalbumin
31,41,MFHTSGYDTQA,480,0.479321754,alpha_lactalbumin
32,41,FHTSGYDTQA,0.25,0.145965921,alpha_lactalbumin
32,41,FHTSGYDTQA,1,0.15766783,alpha_lactalbumin
32,41,FHTSGYDTQA,5,0.303017861,alpha_lactalbumin
32,41,FHTSGYDTQA,20,0.329911722,alpha_lactalbumin
32,41,FHTSGYDTQA,60,0.391706015,alpha_lactalbumin
32,41,FHTSGYDTQA,240,0.420652843,alpha_lactalbumin
32,41,FHTSGYDTQA,480,0.4723876,alpha_lactalbumin
33,41,HTSGYDTQA,0.25,0.050196499,alpha_lactalbumin
33,41,HTSGYDTQA,1,0.045909253,alpha_lactalbumin
33,41,HTSGYDTQA,5,0.24401572,alpha_lactalbumin
33,41,HTSGYDTQA,20,0.286352269,alpha_lactalbumin
33,41,HTSGYDTQA,60,0.375312612,alpha_lactalbumin
33,41,HTSGYDTQA,240,0.438192212,alpha_lactalbumin
33,41,HTSGYDTQA,480,0.490532333,alpha_lactalbumin
37,41,YDTQA,0.25,0.03977501,alpha_lactalbumin
37,41,YDTQA,1,0.016070711,alpha_lactalbumin
37,41,YDTQA,5,0.160907995,alpha_lactalbumin
37,41,YDTQA,20,0.161510647,alpha_lactalbumin
37,41,YDTQA,60,0.217557252,alpha_lactalbumin
37,41,YDTQA,240,0.304941744,alpha_lactalbumin
37,41,YDTQA,480,0.42044998,alpha_lactalbumin
41,47,AIVENNE,0.25,0.422847861,alpha_lactalbumin
41,47,AIVENNE,1,0.495758888,alpha_lactalbumin
41,47,AIVENNE,5,0.563436203,alpha_lactalbumin
41,47,AIVENNE,20,0.589243819,alpha_lactalbumin
41,47,AIVENNE,60,0.645370872,alpha_lactalbumin
41,47,AIVENNE,240,0.681645912,alpha_lactalbumin
41,47,AIVENNE,480,0.719545208,alpha_lactalbumin
42,46,IVENN,0.25,0.464751328,alpha_lactalbumin
42,46,IVENN,1,0.619507484,alpha_lactalbumin
42,46,IVENN,5,0.725977789,alpha_lactalbumin
42,46,IVENN,20,0.781747948,alpha_lactalbumin
42,46,IVENN,60,0.835103815,alpha_lactalbumin
42,46,IVENN,240,0.874939643,alpha_lactalbumin
42,46,IVENN,480,0.87904394,alpha_lactalbumin
42,47,IVENNE,0.25,0.597271127,alpha_lactalbumin
42,47,IVENNE,1,0.694102113,alpha_lactalbumin
42,47,IVENNE,5,0.772887324,alpha_lactalbumin
42,47,IVENNE,20,0.820862676,alpha_lactalbumin
42,47,IVENNE,60,0.886003521,alpha_lactalbumin
42,47,IVENNE,240,0.871919014,alpha_lactalbumin
42,47,IVENNE,480,0.90647007,alpha_lactalbumin
42,48,IVENNES,0.25,0.493341167,alpha_lactalbumin
42,48,IVENNES,1,0.623384254,alpha_lactalbumin
42,48,IVENNES,5,0.786917352,alpha_lactalbumin
42,48,IVENNES,20,0.831766549,alpha_lactalbumin
42,48,IVENNES,60,0.888562476,alpha_lactalbumin
42,48,IVENNES,240,0.911280846,alpha_lactalbumin
42,48,IVENNES,480,0.91186839,alpha_lactalbumin
41,50,AIVENNESTE,0.25,0.292035398,alpha_lactalbumin
41,50,AIVENNESTE,1,0.353789919,alpha_lactalbumin
41,50,AIVENNESTE,5,0.525779146,alpha_lactalbumin
41,50,AIVENNESTE,20,0.569449788,alpha_lactalbumin
41,50,AIVENNESTE,60,0.630627164,alpha_lactalbumin
41,50,AIVENNESTE,240,0.703924586,alpha_lactalbumin
41,50,AIVENNESTE,480,0.743555214,alpha_lactalbumin
42,50,IVENNESTE,0.25,0.34892638,alpha_lactalbumin
42,50,IVENNESTE,1,0.432515337,alpha_lactalbumin
42,50,IVENNESTE,5,0.59375,alpha_lactalbumin
42,50,IVENNESTE,20,0.672929448,alpha_lactalbumin
42,50,IVENNESTE,60,0.712806748,alpha_lactalbumin
42,50,IVENNESTE,240,0.791986196,alpha_lactalbumin
42,50,IVENNESTE,480,0.834547546,alpha_lactalbumin
40,53,QAIVENNESTEYGL,0.25,0.146394512,alpha_lactalbumin
40,53,QAIVENNESTEYGL,1,0.211310022,alpha_lactalbumin
40,53,QAIVENNESTEYGL,5,0.325581395,alpha_lactalbumin
40,53,QAIVENNESTEYGL,20,0.35971223,alpha_lactalbumin
40,53,QAIVENNESTEYGL,60,0.406725782,alpha_lactalbumin
40,53,QAIVENNESTEYGL,240,0.499414422,alpha_lactalbumin
40,53,QAIVENNESTEYGL,480,0.550610674,alpha_lactalbumin
41,53,AIVENNESTEYGL,0.25,0.187262028,alpha_lactalbumin
41,53,AIVENNESTEYGL,1,0.250778816,alpha_lactalbumin
41,53,AIVENNESTEYGL,5,0.370889581,alpha_lactalbumin
41,53,AIVENNESTEYGL,20,0.418483904,alpha_lactalbumin
41,53,AIVENNESTEYGL,60,0.455347871,alpha_lactalbumin
41,53,AIVENNESTEYGL,240,0.515230183,alpha_lactalbumin
41,53,AIVENNESTEYGL,480,0.534440983,alpha_lactalbumin
44,50,ENNESTE,0.25,0.202663969,alpha_lactalbumin
44,50,ENNESTE,1,0.407351206,alpha_lactalbumin
44,50,ENNESTE,5,0.575619626,alpha_lactalbumin
44,50,ENNESTE,20,0.643230484,alpha_lactalbumin
44,50,ENNESTE,60,0.703254089,alpha_lactalbumin
44,50,ENNESTE,240,0.784353397,alpha_lactalbumin
44,50,ENNESTE,480,0.813690777,alpha_lactalbumin
42,53,IVENNESTEYGL,0.25,0.163132843,alpha_lactalbumin
42,53,IVENNESTEYGL,1,0.206620511,alpha_lactalbumin
42,53,IVENNESTEYGL,5,0.386412808,alpha_lactalbumin
42,53,IVENNESTEYGL,20,0.420380788,alpha_lactalbumin
42,53,IVENNESTEYGL,60,0.466897447,alpha_lactalbumin
42,53,IVENNESTEYGL,240,0.539160537,alpha_lactalbumin
42,53,IVENNESTEYGL,480,0.57853743,alpha_lactalbumin
42,54,IVENNESTEYGLF,0.25,0.193606394,alpha_lactalbumin
42,54,IVENNESTEYGLF,1,0.229170829,alpha_lactalbumin
42,54,IVENNESTEYGLF,5,0.364635365,alpha_lactalbumin
42,54,IVENNESTEYGLF,20,0.438761239,alpha_lactalbumin
42,54,IVENNESTEYGLF,60,0.475724276,alpha_lactalbumin
42,54,IVENNESTEYGLF,240,0.505094905,alpha_lactalbumin
42,54,IVENNESTEYGLF,480,0.545854146,alpha_lactalbumin
45,53,NNESTEYGL,0.25,0.118046861,alpha_lactalbumin
45,53,NNESTEYGL,1,0.133428725,alpha_lactalbumin
45,53,NNESTEYGL,5,0.300661778,alpha_lactalbumin
45,53,NNESTEYGL,20,0.331067788,alpha_lactalbumin
45,53,NNESTEYGL,60,0.376140225,alpha_lactalbumin
45,53,NNESTEYGL,240,0.45680558,alpha_lactalbumin
45,53,NNESTEYGL,480,0.495975675,alpha_lactalbumin
45,54,NNESTEYGLF,0.25,0.081707095,alpha_lactalbumin
45,54,NNESTEYGLF,1,0.116906803,alpha_lactalbumin
45,54,NNESTEYGLF,5,0.248951304,alpha_lactalbumin
45,54,NNESTEYGLF,20,0.290351997,alpha_lactalbumin
45,54,NNESTEYGLF,60,0.323727886,alpha_lactalbumin
45,54,NNESTEYGLF,240,0.400328287,alpha_lactalbumin
45,54,NNESTEYGLF,480,0.470910086,alpha_lactalbumin
47,53,ESTEYGL,0.25,0.021810251,alpha_lactalbumin
47,53,ESTEYGL,1,0.024900036,alpha_lactalbumin
47,53,ESTEYGL,5,0.160668848,alpha_lactalbumin
47,53,ESTEYGL,20,0.16866594,alpha_lactalbumin
47,53,ESTEYGL,60,0.248455107,alpha_lactalbumin
47,53,ESTEYGL,240,0.336604871,alpha_lactalbumin
47,53,ESTEYGL,480,0.36350418,alpha_lactalbumin
47,54,ESTEYGLF,0.25,0.017285406,alpha_lactalbumin
47,54,ESTEYGLF,1,0.012767629,alpha_lactalbumin
47,54,ESTEYGLF,5,0.126104891,alpha_lactalbumin
47,54,ESTEYGLF,20,0.15399725,alpha_lactalbumin
47,54,ESTEYGLF,60,0.194067963,alpha_lactalbumin
47,54,ESTEYGLF,240,0.271459438,alpha_lactalbumin
47,54,ESTEYGLF,480,0.312315852,alpha_lactalbumin
48,53,STEYGL,0.25,0.019392609,alpha_lactalbumin
48,53,STEYGL,1,0.022319795,alpha_lactalbumin
48,53,STEYGL,5,0.179656056,alpha_lactalbumin
48,53,STEYGL,20,0.202890596,alpha_lactalbumin
48,53,STEYGL,60,0.236919136,alpha_lactalbumin
48,53,STEYGL,240,0.256311745,alpha_lactalbumin
48,53,STEYGL,480,0.255762898,alpha_lactalbumin
48,54,STEYGLF,0.25,0.020267686,alpha_lactalbumin
48,54,STEYGLF,1,0.028871893,alpha_lactalbumin
48,54,STEYGLF,5,0.136137667,alpha_lactalbumin
48,54,STEYGLF,20,0.129827916,alpha_lactalbumin
48,54,STEYGLF,60,0.156978967,alpha_lactalbumin
48,54,STEYGLF,240,0.212237094,alpha_lactalbumin
48,54,STEYGLF,480,0.236520076,alpha_lactalbumin
49,53,TEYGL,0.25,0.008272801,alpha_lactalbumin
49,53,TEYGL,1,0.039548023,alpha_lactalbumin
49,53,TEYGL,5,0.060936239,alpha_lactalbumin
49,53,TEYGL,20,0.089184826,alpha_lactalbumin
49,53,TEYGL,60,0.102300242,alpha_lactalbumin
49,53,TEYGL,240,0.161824052,alpha_lactalbumin
49,53,TEYGL,480,0.177158999,alpha_lactalbumin
49,54,TEYGLF,0.25,0.054587482,alpha_lactalbumin
49,54,TEYGLF,1,0.049608819,alpha_lactalbumin
49,54,TEYGLF,5,0.091571835,alpha_lactalbumin
49,54,TEYGLF,20,0.111130868,alpha_lactalbumin
49,54,TEYGLF,60,0.157894737,alpha_lactalbumin
49,54,TEYGLF,240,0.188655761,alpha_lactalbumin
49,54,TEYGLF,480,0.22101707,alpha_lactalbumin
51,55,YGLFQ,0.25,0.011559696,alpha_lactalbumin
51,55,YGLFQ,1,0.008626639,alpha_lactalbumin
51,55,YGLFQ,5,0.10110421,alpha_lactalbumin
51,55,YGLFQ,20,0.125258799,alpha_lactalbumin
51,55,YGLFQ,60,0.135955832,alpha_lactalbumin
51,55,YGLFQ,240,0.16873706,alpha_lactalbumin
51,55,YGLFQ,480,0.188405797,alpha_lactalbumin
51,60,YGLFQISNKL,0.25,0.134394486,alpha_lactalbumin
51,60,YGLFQISNKL,1,0.14292747,alpha_lactalbumin
51,60,YGLFQISNKL,5,0.24762061,alpha_lactalbumin
51,60,YGLFQISNKL,20,0.327863472,alpha_lactalbumin
51,60,YGLFQISNKL,60,0.398752872,alpha_lactalbumin
51,60,YGLFQISNKL,240,0.445848375,alpha_lactalbumin
51,60,YGLFQISNKL,480,0.47046275,alpha_lactalbumin
54,60,FQISNKL,0.25,0.251753156,alpha_lactalbumin
54,60,FQISNKL,1,0.269109397,alpha_lactalbumin
54,60,FQISNKL,5,0.411816269,alpha_lactalbumin
54,60,FQISNKL,20,0.528751753,alpha_lactalbumin
54,60,FQISNKL,60,0.599403927,alpha_lactalbumin
54,60,FQISNKL,240,0.648316971,alpha_lactalbumin
54,60,FQISNKL,480,0.691269285,alpha_lactalbumin
55,60,QISNKL,0.25,0.345436893,alpha_lactalbumin
55,60,QISNKL,1,0.364271845,alpha_lactalbumin
55,60,QISNKL,5,0.545436893,alpha_lactalbumin
55,60,QISNKL,20,0.657281553,alpha_lactalbumin
55,60,QISNKL,60,0.757864078,alpha_lactalbumin
55,60,QISNKL,240,0.817087379,alpha_lactalbumin
55,60,QISNKL,480,0.867572816,alpha_lactalbumin
56,60,ISNKL,0.25,0.233350366,alpha_lactalbumin
56,60,ISNKL,1,0.236416283,alpha_lactalbumin
56,60,ISNKL,5,0.428376767,alpha_lactalbumin
56,60,ISNKL,20,0.532106966,alpha_lactalbumin
56,60,ISNKL,60,0.61778232,alpha_lactalbumin
56,60,ISNKL,240,0.685573156,alpha_lactalbumin
56,60,ISNKL,480,0.714529041,alpha_lactalbumin
79,84,DKFLDD,0.25,0.034037189,alpha_lactalbumin
79,84,DKFLDD,1,0.061456035,alpha_lactalbumin
79,84,DKFLDD,5,0.100220611,alpha_lactalbumin
79,84,DKFLDD,20,0.140876142,alpha_lactalbumin
79,84,DKFLDD,60,0.113772455,alpha_lactalbumin
79,84,DKFLDD,240,0.186889379,alpha_lactalbumin
79,84,DKFLDD,480,0.226284274,alpha_lactalbumin
82,88,LDDDITD,0.25,0.33065561,alpha_lactalbumin
82,88,LDDDITD,1,0.36123348,alpha_lactalbumin
82,88,LDDDITD,5,0.533298782,alpha_lactalbumin
82,88,LDDDITD,20,0.687483804,alpha_lactalbumin
82,88,LDDDITD,60,0.739310702,alpha_lactalbumin
82,88,LDDDITD,240,0.756931848,alpha_lactalbumin
82,88,LDDDITD,480,0.796838559,alpha_lactalbumin
82,89,LDDDITDD,0.25,0.345635776,alpha_lactalbumin
82,89,LDDDITDD,1,0.381196121,alpha_lactalbumin
82,89,LDDDITDD,5,0.537176724,alpha_lactalbumin
82,89,LDDDITDD,20,0.668911638,alpha_lactalbumin
82,89,LDDDITDD,60,0.759967672,alpha_lactalbumin
82,89,LDDDITDD,240,0.787715517,alpha_lactalbumin
82,89,LDDDITDD,480,0.848060345,alpha_lactalbumin
82,90,LDDDITDDI,0.25,0.412672624,alpha_lactalbumin
82,90,LDDDITDDI,1,0.41646358,alpha_lactalbumin
82,90,LDDDITDDI,5,0.490116437,alpha_lactalbumin
82,90,LDDDITDDI,20,0.538586515,alpha_lactalbumin
82,90,LDDDITDDI,60,0.538315732,alpha_lactalbumin
82,90,LDDDITDDI,240,0.647441105,alpha_lactalbumin
82,90,LDDDITDDI,480,0.705930138,alpha_lactalbumin
85,89,DITDD,0.25,0.054631829,alpha_lactalbumin
85,89,DITDD,1,0.091844814,alpha_lactalbumin
85,89,DITDD,5,0.319609396,alpha_lactalbumin
85,89,DITDD,20,0.609923463,alpha_lactalbumin
85,89,DITDD,60,0.719714964,alpha_lactalbumin
85,89,DITDD,240,0.793613091,alpha_lactalbumin
85,89,DITDD,480,0.833729216,alpha_lactalbumin
85,91,DITDDIM,0.25,0.039741396,alpha_lactalbumin
85,91,DITDDIM,1,0.059326868,alpha_lactalbumin
85,91,DITDDIM,5,0.205932687,alpha_lactalbumin
85,91,DITDDIM,20,0.33029093,alpha_lactalbumin
85,91,DITDDIM,60,0.385624643,alpha_lactalbumin
85,91,DITDDIM,240,0.4350637,alpha_lactalbumin
85,91,DITDDIM,480,0.458832478,alpha_lactalbumin
85,92,DITDDIMC,0.25,0.009562842,alpha_lactalbumin
85,92,DITDDIMC,1,0.022882514,alpha_lactalbumin
85,92,DITDDIMC,5,0.137807377,alpha_lactalbumin
85,92,DITDDIMC,20,0.243510929,alpha_lactalbumin
85,92,DITDDIMC,60,0.294569672,alpha_lactalbumin
85,92,DITDDIMC,240,0.321721311,alpha_lactalbumin
85,92,DITDDIMC,480,0.361338798,alpha_lactalbumin
86,91,ITDDIM,0.25,0.002254791,alpha_lactalbumin
86,91,ITDDIM,1,0.012401353,alpha_lactalbumin
86,91,ITDDIM,5,0.102367531,alpha_lactalbumin
86,91,ITDDIM,20,0.1578354,alpha_lactalbumin
86,91,ITDDIM,60,0.220744081,alpha_lactalbumin
86,91,ITDDIM,240,0.250732807,alpha_lactalbumin
86,91,ITDDIM,480,0.277113867,alpha_lactalbumin
89,104,DIMCAKKILDIKGIDY,0.25,-0.009027675,alpha_lactalbumin
89,104,DIMCAKKILDIKGIDY,1,-0.007399734,alpha_lactalbumin
89,104,DIMCAKKILDIKGIDY,5,0.056829954,alpha_lactalbumin
89,104,DIMCAKKILDIKGIDY,20,0.114103892,alpha_lactalbumin
89,104,DIMCAKKILDIKGIDY,60,0.193873021,alpha_lactalbumin
89,104,DIMCAKKILDIKGIDY,240,0.240343348,alpha_lactalbumin
89,104,DIMCAKKILDIKGIDY,480,0.261802575,alpha_lactalbumin
90,104,IMCAKKILDIKGIDY,0.25,-0.032047896,alpha_lactalbumin
90,104,IMCAKKILDIKGIDY,1,-0.026060926,alpha_lactalbumin
90,104,IMCAKKILDIKGIDY,5,0.070434936,alpha_lactalbumin
90,104,IMCAKKILDIKGIDY,20,0.15618947,alpha_lactalbumin
90,104,IMCAKKILDIKGIDY,60,0.249691847,alpha_lactalbumin
90,104,IMCAKKILDIKGIDY,240,0.306039796,alpha_lactalbumin
90,104,IMCAKKILDIKGIDY,480,0.330339849,alpha_lactalbumin
92,103,CAKKILDIKGID,0.25,0.009347383,alpha_lactalbumin
92,103,CAKKILDIKGID,1,0.038069341,alpha_lactalbumin
92,103,CAKKILDIKGID,5,0.154996601,alpha_lactalbumin
92,103,CAKKILDIKGID,20,0.255948334,alpha_lactalbumin
92,103,CAKKILDIKGID,60,0.287559483,alpha_lactalbumin
92,103,CAKKILDIKGID,240,0.347552685,alpha_lactalbumin
92,103,CAKKILDIKGID,480,0.399558124,alpha_lactalbumin
92,104,CAKKILDIKGIDY,0.25,0.025062657,alpha_lactalbumin
92,104,CAKKILDIKGIDY,1,0.023272467,alpha_lactalbumin
92,104,CAKKILDIKGIDY,5,0.118152524,alpha_lactalbumin
92,104,CAKKILDIKGIDY,20,0.206587898,alpha_lactalbumin
92,104,CAKKILDIKGIDY,60,0.315610455,alpha_lactalbumin
92,104,CAKKILDIKGIDY,240,0.368779091,alpha_lactalbumin
92,104,CAKKILDIKGIDY,480,0.422305764,alpha_lactalbumin
92,105,CAKKILDIKGIDYW,0.25,0.001143978,alpha_lactalbumin
92,105,CAKKILDIKGIDYW,1,0.014381435,alpha_lactalbumin
92,105,CAKKILDIKGIDYW,5,0.100016343,alpha_lactalbumin
92,105,CAKKILDIKGIDYW,20,0.197908155,alpha_lactalbumin
92,105,CAKKILDIKGIDYW,60,0.28860925,alpha_lactalbumin
92,105,CAKKILDIKGIDYW,240,0.382742278,alpha_lactalbumin
92,105,CAKKILDIKGIDYW,480,0.442555973,alpha_lactalbumin
93,104,AKKILDIKGIDY,0.25,0.026185281,alpha_lactalbumin
93,104,AKKILDIKGIDY,1,0.029954374,alpha_lactalbumin
93,104,AKKILDIKGIDY,5,0.144614164,alpha_lactalbumin
93,104,AKKILDIKGIDY,20,0.26205118,alpha_lactalbumin
93,104,AKKILDIKGIDY,60,0.380678437,alpha_lactalbumin
93,104,AKKILDIKGIDY,240,0.454076572,alpha_lactalbumin
93,104,AKKILDIKGIDY,480,0.494743107,alpha_lactalbumin
94,104,KKILDIKGIDY,0.25,0.018271711,alpha_lactalbumin
94,104,KKILDIKGIDY,1,0.010533104,alpha_lactalbumin
94,104,KKILDIKGIDY,5,0.150257954,alpha_lactalbumin
94,104,KKILDIKGIDY,20,0.314918315,alpha_lactalbumin
94,104,KKILDIKGIDY,60,0.459802236,alpha_lactalbumin
94,104,KKILDIKGIDY,240,0.545786758,alpha_lactalbumin
94,104,KKILDIKGIDY,480,0.596087704,alpha_lactalbumin
98,103,DIKGID,0.25,0.040141238,alpha_lactalbumin
98,103,DIKGID,1,0.052220777,alpha_lactalbumin
98,103,DIKGID,5,0.25794462,alpha_lactalbumin
98,103,DIKGID,20,0.489685932,alpha_lactalbumin
98,103,DIKGID,60,0.689091247,alpha_lactalbumin
98,103,DIKGID,240,0.850585393,alpha_lactalbumin
98,103,DIKGID,480,0.901133618,alpha_lactalbumin
98,104,DIKGIDY,0.25,0.055042614,alpha_lactalbumin
98,104,DIKGIDY,1,0.079900568,alpha_lactalbumin
98,104,DIKGIDY,5,0.26118608,alpha_lactalbumin
98,104,DIKGIDY,20,0.500887784,alpha_lactalbumin
98,104,DIKGIDY,60,0.716264205,alpha_lactalbumin
98,104,DIKGIDY,240,0.859552557,alpha_lactalbumin
98,104,DIKGIDY,480,0.917080966,alpha_lactalbumin
98,105,DIKGIDYW,0.25,0.004384427,alpha_lactalbumin
98,105,DIKGIDYW,1,0.035601543,alpha_lactalbumin
98,105,DIKGIDYW,5,0.224307261,alpha_lactalbumin
98,105,DIKGIDYW,20,0.417397404,alpha_lactalbumin
98,105,DIKGIDYW,60,0.603472466,alpha_lactalbumin
98,105,DIKGIDYW,240,0.781830937,alpha_lactalbumin
98,105,DIKGIDYW,480,0.867941073,alpha_lactalbumin
99,104,IKGIDY,0.25,0.025912616,alpha_lactalbumin
99,104,IKGIDY,1,0.060904104,alpha_lactalbumin
99,104,IKGIDY,5,0.302250804,alpha_lactalbumin
99,104,IKGIDY,20,0.567240401,alpha_lactalbumin
99,104,IKGIDY,60,0.827879705,alpha_lactalbumin
99,104,IKGIDY,240,0.919046718,alpha_lactalbumin
99,104,IKGIDY,480,0.940041611,alpha_lactalbumin
100,104,KGIDY,0.25,0.067733416,alpha_lactalbumin
100,104,KGIDY,1,0.077054529,alpha_lactalbumin
100,104,KGIDY,5,0.309460929,alpha_lactalbumin
100,104,KGIDY,20,0.493086842,alpha_lactalbumin
100,104,KGIDY,60,0.726736057,alpha_lactalbumin
100,104,KGIDY,240,0.86142613,alpha_lactalbumin
100,104,KGIDY,480,0.908653099,alpha_lactalbumin
100,105,KGIDYW,0.25,0.014908977,alpha_lactalbumin
100,105,KGIDYW,1,0.028876334,alpha_lactalbumin
100,105,KGIDYW,5,0.187225361,alpha_lactalbumin
100,105,KGIDYW,20,0.410389203,alpha_lactalbumin
100,105,KGIDYW,60,0.614877589,alpha_lactalbumin
100,105,KGIDYW,240,0.791274325,alpha_lactalbumin
100,105,KGIDYW,480,0.89438167,alpha_lactalbumin
105,111,WLAHKAL,0.25,0.54978931,alpha_lactalbumin
105,111,WLAHKAL,1,0.706808605,alpha_lactalbumin
105,111,WLAHKAL,5,0.723220226,alpha_lactalbumin
105,111,WLAHKAL,20,0.72432912,alpha_lactalbumin
105,111,WLAHKAL,60,0.716123309,alpha_lactalbumin
105,111,WLAHKAL,240,0.706143269,alpha_lactalbumin
105,111,WLAHKAL,480,0.678642715,alpha_lactalbumin
104,113,YWLAHKALCT,0.25,0.53447988,alpha_lactalbumin
104,113,YWLAHKALCT,1,0.679913174,alpha_lactalbumin
104,113,YWLAHKALCT,5,0.751377525,alpha_lactalbumin
104,113,YWLAHKALCT,20,0.789614293,alpha_lactalbumin
104,113,YWLAHKALCT,60,0.773083987,alpha_lactalbumin
104,113,YWLAHKALCT,240,0.777926198,alpha_lactalbumin
104,113,YWLAHKALCT,480,0.752546335,alpha_lactalbumin
105,113,WLAHKALCT,0.25,0.484723044,alpha_lactalbumin
105,113,WLAHKALCT,1,0.657007688,alpha_lactalbumin
105,113,WLAHKALCT,5,0.749655036,alpha_lactalbumin
105,113,WLAHKALCT,20,0.751429135,alpha_lactalbumin
105,113,WLAHKALCT,60,0.781194559,alpha_lactalbumin
105,113,WLAHKALCT,240,0.740784546,alpha_lactalbumin
105,113,WLAHKALCT,480,0.737630593,alpha_lactalbumin
105,118,WLAHKALCTEKLEQ,0.25,0.557205721,alpha_lactalbumin
105,118,WLAHKALCTEKLEQ,1,0.721488816,alpha_lactalbumin
105,118,WLAHKALCTEKLEQ,5,0.789878988,alpha_lactalbumin
105,118,WLAHKALCTEKLEQ,20,0.799413275,alpha_lactalbumin
105,118,WLAHKALCTEKLEQ,60,0.808030803,alpha_lactalbumin
105,118,WLAHKALCTEKLEQ,240,0.80326366,alpha_lactalbumin
105,118,WLAHKALCTEKLEQ,480,0.80876421,alpha_lactalbumin
114,118,EKLEQ,0.25,0.756042427,alpha_lactalbumin
114,118,EKLEQ,1,0.845244305,alpha_lactalbumin
114,118,EKLEQ,5,0.893757607,alpha_lactalbumin
114,118,EKLEQ,20,0.865066945,alpha_lactalbumin
114,118,EKLEQ,60,0.880716397,alpha_lactalbumin
114,118,EKLEQ,240,0.853764563,alpha_lactalbumin
114,118,EKLEQ,480,0.857763867,alpha_lactalbumin
119,124,WLCEKL,0.25,0.727397799,alpha_lactalbumin
119,124,WLCEKL,1,0.824292453,alpha_lactalbumin
119,124,WLCEKL,5,0.92865566,alpha_lactalbumin
119,124,WLCEKL,20,0.937893082,alpha_lactalbumin
119,124,WLCEKL,60,0.931800314,alpha_lactalbumin
119,124,WLCEKL,240,0.927476415,alpha_lactalbumin
119,124,WLCEKL,480,0.934158805,alpha_lactalbumin
120,124,LCEKL,0.25,0.658056825,alpha_lactalbumin
120,124,LCEKL,1,0.766938208,alpha_lactalbumin
120,124,LCEKL,5,0.903636002,alpha_lactalbumin
120,124,LCEKL,20,0.899264852,alpha_lactalbumin
120,124,LCEKL,60,0.899860918,alpha_lactalbumin
120,124,LCEKL,240,0.881382873,alpha_lactalbumin
120,124,LCEKL,480,0.903039936,alpha_lactalbumin
