start,end,sequence,exposure,uptake,state
457,466,MSLRDLPSIA,0.05,3.203333333,m_lipin
457,466,MSLRDLPSIA,0.5,3.824666667,m_lipin
457,466,MSLRDLPSIA,5,3.962,m_lipin
457,466,MSLRDLPSIA,50,4.189666667,m_lipin
458,466,SLRDLPSIA,0.05,2.541333333,m_lipin
458,466,SLRDLPSIA,0.5,3.103,m_lipin
458,466,SLRDLPSIA,5,3.236333333,m_lipin
458,466,SLRDLPSIA,50,3.441,m_lipin
460,466,RDLPSIA,0.05,1.525666667,m_lipin
460,466,RDLPSIA,0.5,2.117,m_lipin
460,466,RDLPSIA,5,2.236333333,m_lipin
460,466,RDLPSIA,50,2.438333333,m_lipin
467,475,ISLCGGLSD,0.05,2.052666667,m_lipin
467,475,ISLCGGLSD,0.5,2.498666667,m_lipin
467,475,ISLCGGLSD,5,2.910666667,m_lipin
467,475,ISLCGGLSD,50,3.221,m_lipin
467,484,ISLCGGLSDHREITKDAF,0.05,3.357,m_lipin
467,484,ISLCGGLSDHREITKDAF,0.5,4.374666667,m_lipin
467,484,ISLCGGLSDHREITKDAF,5,5.080666667,m_lipin
467,484,ISLCGGLSDHREITKDAF,50,5.326333333,m_lipin
467,485,ISLCGGLSDHREITKDAFL,0.05,3.017,m_lipin
467,485,ISLCGGLSDHREITKDAFL,0.5,4.205333333,m_lipin
467,485,ISLCGGLSDHREITKDAFL,5,5.318,m_lipin
467,485,ISLCGGLSDHREITKDAFL,50,5.567,m_lipin
470,484,CGGLSDHREITKDAF,0.05,3.135666667,m_lipin
470,484,CGGLSDHREITKDAF,0.5,4.151333333,m_lipin
470,484,CGGLSDHREITKDAF,5,4.597666667,m_lipin
470,484,CGGLSDHREITKDAF,50,4.634666667,m_lipin
470,485,CGGLSDHREITKDAFL,0.05,2.768333333,m_lipin
470,485,CGGLSDHREITKDAFL,0.5,3.881,m_lipin
470,485,CGGLSDHREITKDAFL,5,4.715666667,m_lipin
470,485,CGGLSDHREITKDAFL,50,4.765333333,m_lipin
476,484,HREITKDAF,0.05,2.07,m_lipin
476,484,HREITKDAF,0.5,2.837333333,m_lipin
476,484,HREITKDAF,5,3.293666667,m_lipin
476,484,HREITKDAF,50,3.347666667,m_lipin
476,485,HREITKDAFL,0.05,1.852666667,m_lipin
476,485,HREITKDAFL,0.5,2.792333333,m_lipin
476,485,HREITKDAFL,5,3.61,m_lipin
476,485,HREITKDAFL,50,3.672333333,m_lipin
485,490,LEQAVS,0.05,0.057666667,m_lipin
485,490,LEQAVS,0.5,0.228333333,m_lipin
485,490,LEQAVS,5,1.250666667,m_lipin
485,490,LEQAVS,50,2.078333333,m_lipin
485,491,LEQAVSY,0.05,0.311666667,m_lipin
485,491,LEQAVSY,0.5,0.953666667,m_lipin
485,491,LEQAVSY,5,1.992333333,m_lipin
485,491,LEQAVSY,50,2.77,m_lipin
485,493,LEQAVSYQQ,0.05,0.677666667,m_lipin
485,493,LEQAVSYQQ,0.5,1.769,m_lipin
485,493,LEQAVSYQQ,5,3.282666667,m_lipin
485,493,LEQAVSYQQ,50,4.191333333,m_lipin
485,494,LEQAVSYQQF,0.05,0.667,m_lipin
485,494,LEQAVSYQQF,0.5,1.818666667,m_lipin
485,494,LEQAVSYQQF,5,3.341666667,m_lipin
485,494,LEQAVSYQQF,50,4.238,m_lipin
485,497,LEQAVSYQQFADN,0.05,0.737333333,m_lipin
485,497,LEQAVSYQQFADN,0.5,1.839333333,m_lipin
485,497,LEQAVSYQQFADN,5,3.359666667,m_lipin
485,497,LEQAVSYQQFADN,50,4.337333333,m_lipin
485,506,LEQAVSYQQFADNPAIIDDPNL,0.05,0.783666667,m_lipin
485,506,LEQAVSYQQFADNPAIIDDPNL,0.5,2.252,m_lipin
485,506,LEQAVSYQQFADNPAIIDDPNL,5,4.512,m_lipin
485,506,LEQAVSYQQFADNPAIIDDPNL,50,5.63,m_lipin
486,491,EQAVSY,0.05,0.270333333,m_lipin
486,491,EQAVSY,0.5,0.889666667,m_lipin
486,491,EQAVSY,5,1.689666667,m_lipin
486,491,EQAVSY,50,2.157,m_lipin
486,493,EQAVSYQQ,0.05,0.410333333,m_lipin
486,493,EQAVSYQQ,0.5,1.217666667,m_lipin
486,493,EQAVSYQQ,5,2.187333333,m_lipin
486,493,EQAVSYQQ,50,2.597333333,m_lipin
486,494,EQAVSYQQF,0.05,0.696666667,m_lipin
486,494,EQAVSYQQF,0.5,1.801666667,m_lipin
486,494,EQAVSYQQF,5,3.042,m_lipin
486,494,EQAVSYQQF,50,3.603,m_lipin
486,500,EQAVSYQQFADNPAI,0.05,0.806333333,m_lipin
486,500,EQAVSYQQFADNPAI,0.5,2.051333333,m_lipin
486,500,EQAVSYQQFADNPAI,5,3.632333333,m_lipin
486,500,EQAVSYQQFADNPAI,50,4.352666667,m_lipin
486,506,EQAVSYQQFADNPAIIDDPNL,0.05,0.8,m_lipin
486,506,EQAVSYQQFADNPAIIDDPNL,0.5,2.242,m_lipin
486,506,EQAVSYQQFADNPAIIDDPNL,5,4.281,m_lipin
486,506,EQAVSYQQFADNPAIIDDPNL,50,5.119,m_lipin
488,493,AVSYQQ,0.05,0.617666667,m_lipin
488,493,AVSYQQ,0.5,1.664666667,m_lipin
488,493,AVSYQQ,5,2.503666667,m_lipin
488,493,AVSYQQ,50,2.809,m_lipin
488,494,AVSYQQF,0.05,0.673,m_lipin
488,494,AVSYQQF,0.5,1.724333333,m_lipin
488,494,AVSYQQF,5,2.662666667,m_lipin
488,494,AVSYQQF,50,3.010666667,m_lipin
488,497,AVSYQQFADN,0.05,0.650666667,m_lipin
488,497,AVSYQQFADN,0.5,1.638333333,m_lipin
488,497,AVSYQQFADN,5,2.567,m_lipin
488,497,AVSYQQFADN,50,2.948,m_lipin
488,500,AVSYQQFADNPAI,0.05,0.832333333,m_lipin
488,500,AVSYQQFADNPAI,0.5,1.967333333,m_lipin
488,500,AVSYQQFADNPAI,5,3.203666667,m_lipin
488,500,AVSYQQFADNPAI,50,3.657,m_lipin
488,506,AVSYQQFADNPAIIDDPNL,0.05,0.770333333,m_lipin
488,506,AVSYQQFADNPAIIDDPNL,0.5,2.142,m_lipin
488,506,AVSYQQFADNPAIIDDPNL,5,3.850666667,m_lipin
488,506,AVSYQQFADNPAIIDDPNL,50,4.446333333,m_lipin
489,494,VSYQQF,0.05,0.660333333,m_lipin
489,494,VSYQQF,0.5,1.627666667,m_lipin
489,494,VSYQQF,5,2.168333333,m_lipin
489,494,VSYQQF,50,2.294,m_lipin
489,506,VSYQQFADNPAIIDDPNL,0.05,0.72,m_lipin
489,506,VSYQQFADNPAIIDDPNL,0.5,2.004,m_lipin
489,506,VSYQQFADNPAIIDDPNL,5,3.332,m_lipin
489,506,VSYQQFADNPAIIDDPNL,50,3.740666667,m_lipin
491,500,YQQFADNPAI,0.05,0.139333333,m_lipin
491,500,YQQFADNPAI,0.5,0.470666667,m_lipin
491,500,YQQFADNPAI,5,1.162666667,m_lipin
491,500,YQQFADNPAI,50,1.357333333,m_lipin
491,506,YQQFADNPAIIDDPNL,0.05,0.156666667,m_lipin
491,506,YQQFADNPAIIDDPNL,0.5,0.654333333,m_lipin
491,506,YQQFADNPAIIDDPNL,5,1.786,m_lipin
491,506,YQQFADNPAIIDDPNL,50,2.145,m_lipin
492,500,QQFADNPAI,0.05,0.079,m_lipin
492,500,QQFADNPAI,0.5,0.277666667,m_lipin
492,500,QQFADNPAI,5,0.479,m_lipin
492,500,QQFADNPAI,50,0.615,m_lipin
492,506,QQFADNPAIIDDPNL,0.05,0.155666667,m_lipin
492,506,QQFADNPAIIDDPNL,0.5,0.588,m_lipin
492,506,QQFADNPAIIDDPNL,5,1.339666667,m_lipin
492,506,QQFADNPAIIDDPNL,50,1.627333333,m_lipin
494,500,FADNPAI,0.05,0.102666667,m_lipin
494,500,FADNPAI,0.5,0.39,m_lipin
494,500,FADNPAI,5,0.659333333,m_lipin
494,500,FADNPAI,50,0.787333333,m_lipin
494,506,FADNPAIIDDPNL,0.05,0.138333333,m_lipin
494,506,FADNPAIIDDPNL,0.5,0.619666667,m_lipin
494,506,FADNPAIIDDPNL,5,1.338666667,m_lipin
494,506,FADNPAIIDDPNL,50,1.603,m_lipin
495,500,ADNPAI,0.05,0.082666667,m_lipin
495,500,ADNPAI,0.5,0.361,m_lipin
495,500,ADNPAI,5,0.619666667,m_lipin
495,500,ADNPAI,50,0.736,m_lipin
495,506,ADNPAIIDDPNL,0.05,0.129666667,m_lipin
495,506,ADNPAIIDDPNL,0.5,0.544333333,m_lipin
495,506,ADNPAIIDDPNL,5,1.296,m_lipin
495,506,ADNPAIIDDPNL,50,1.523,m_lipin
498,506,PAIIDDPNL,0.05,0.068,m_lipin
498,506,PAIIDDPNL,0.5,0.201,m_lipin
498,506,PAIIDDPNL,5,0.666333333,m_lipin
498,506,PAIIDDPNL,50,0.868666667,m_lipin
501,506,IDDPNL,0.05,0.045666667,m_lipin
501,506,IDDPNL,0.5,0.207,m_lipin
501,506,IDDPNL,5,0.594666667,m_lipin
501,506,IDDPNL,50,0.648333333,m_lipin
507,516,VVKVGNKYYN,0.05,1.011333333,m_lipin
507,516,VVKVGNKYYN,0.5,1.229333333,m_lipin
507,516,VVKVGNKYYN,5,2.260333333,m_lipin
507,516,VVKVGNKYYN,50,2.955666667,m_lipin
507,517,VVKVGNKYYNW,0.05,0.89,m_lipin
507,517,VVKVGNKYYNW,0.5,1.203,m_lipin
507,517,VVKVGNKYYNW,5,2.674333333,m_lipin
507,517,VVKVGNKYYNW,50,3.386333333,m_lipin
507,521,VVKVGNKYYNWTTAA,0.05,1.194666667,m_lipin
507,521,VVKVGNKYYNWTTAA,0.5,1.964333333,m_lipin
507,521,VVKVGNKYYNWTTAA,5,3.467,m_lipin
507,521,VVKVGNKYYNWTTAA,50,4.426333333,m_lipin
507,524,VVKVGNKYYNWTTAAPLL,0.05,0.955333333,m_lipin
507,524,VVKVGNKYYNWTTAAPLL,0.5,1.696,m_lipin
507,524,VVKVGNKYYNWTTAAPLL,5,3.004,m_lipin
507,524,VVKVGNKYYNWTTAAPLL,50,3.900666667,m_lipin
507,525,VVKVGNKYYNWTTAAPLLL,0.05,0.913333333,m_lipin
507,525,VVKVGNKYYNWTTAAPLLL,0.5,1.660333333,m_lipin
507,525,VVKVGNKYYNWTTAAPLLL,5,2.866333333,m_lipin
507,525,VVKVGNKYYNWTTAAPLLL,50,3.731666667,m_lipin
515,524,YNWTTAAPLL,0.05,0.173666667,m_lipin
515,524,YNWTTAAPLL,0.5,0.640666667,m_lipin
515,524,YNWTTAAPLL,5,1.184666667,m_lipin
515,524,YNWTTAAPLL,50,1.500666667,m_lipin
515,525,YNWTTAAPLLL,0.05,0.19,m_lipin
515,525,YNWTTAAPLLL,0.5,0.688666667,m_lipin
515,525,YNWTTAAPLLL,5,1.231666667,m_lipin
515,525,YNWTTAAPLLL,50,1.540666667,m_lipin
517,524,WTTAAPLL,0.05,0.044333333,m_lipin
517,524,WTTAAPLL,0.5,0.033,m_lipin
517,524,WTTAAPLL,5,0.089,m_lipin
517,524,WTTAAPLL,50,0.317666667,m_lipin
517,525,WTTAAPLLL,0.05,0.117,m_lipin
517,525,WTTAAPLLL,0.5,0.103666667,m_lipin
517,525,WTTAAPLLL,5,0.186,m_lipin
517,525,WTTAAPLLL,50,0.353,m_lipin
518,525,TTAAPLLL,0.05,0.039,m_lipin
518,525,TTAAPLLL,0.5,0.044,m_lipin
518,525,TTAAPLLL,5,0.044,m_lipin
518,525,TTAAPLLL,50,0.053333333,m_lipin
525,529,LAMQA,0.05,0.032,m_lipin
525,529,LAMQA,0.5,0.040666667,m_lipin
525,529,LAMQA,5,0.085333333,m_lipin
525,529,LAMQA,50,0.277333333,m_lipin
525,540,LAMQAFQKPLPKATVE,0.05,3.205666667,m_lipin
525,540,LAMQAFQKPLPKATVE,0.5,4.532,m_lipin
525,540,LAMQAFQKPLPKATVE,5,5.634333333,m_lipin
525,540,LAMQAFQKPLPKATVE,50,6.123333333,m_lipin
525,554,LAMQAFQKPLPKATVESIMRDKMPKKGGRW,0.05,5.287,m_lipin
525,554,LAMQAFQKPLPKATVESIMRDKMPKKGGRW,0.5,8.822333333,m_lipin
525,554,LAMQAFQKPLPKATVESIMRDKMPKKGGRW,5,10.772,m_lipin
525,554,LAMQAFQKPLPKATVESIMRDKMPKKGGRW,50,11.19033333,m_lipin
526,541,AMQAFQKPLPKATVES,0.05,3.297,m_lipin
526,541,AMQAFQKPLPKATVES,0.5,5.168,m_lipin
526,541,AMQAFQKPLPKATVES,5,6.310666667,m_lipin
526,541,AMQAFQKPLPKATVES,50,6.625666667,m_lipin
528,540,QAFQKPLPKATVE,0.05,3.14,m_lipin
528,540,QAFQKPLPKATVE,0.5,4.492333333,m_lipin
528,540,QAFQKPLPKATVE,5,5.480666667,m_lipin
528,540,QAFQKPLPKATVE,50,5.822333333,m_lipin
528,541,QAFQKPLPKATVES,0.05,3.307,m_lipin
528,541,QAFQKPLPKATVES,0.5,5.121333333,m_lipin
528,541,QAFQKPLPKATVES,5,6.15,m_lipin
528,541,QAFQKPLPKATVES,50,6.534333333,m_lipin
528,542,QAFQKPLPKATVESI,0.05,3.284333333,m_lipin
528,542,QAFQKPLPKATVESI,0.5,5.404333333,m_lipin
528,542,QAFQKPLPKATVESI,5,6.817333333,m_lipin
528,542,QAFQKPLPKATVESI,50,7.234,m_lipin
529,540,AFQKPLPKATVE,0.05,3.1,m_lipin
529,540,AFQKPLPKATVE,0.5,4.423333333,m_lipin
529,540,AFQKPLPKATVE,5,5.325333333,m_lipin
529,540,AFQKPLPKATVE,50,5.606666667,m_lipin
530,540,FQKPLPKATVE,0.05,2.523,m_lipin
530,540,FQKPLPKATVE,0.5,3.778333333,m_lipin
530,540,FQKPLPKATVE,5,4.672,m_lipin
530,540,FQKPLPKATVE,50,4.909666667,m_lipin
530,541,FQKPLPKATVES,0.05,2.677,m_lipin
530,541,FQKPLPKATVES,0.5,4.402,m_lipin
530,541,FQKPLPKATVES,5,5.387666667,m_lipin
530,541,FQKPLPKATVES,50,5.609,m_lipin
530,542,FQKPLPKATVESI,0.05,2.645666667,m_lipin
530,542,FQKPLPKATVESI,0.5,4.707666667,m_lipin
530,542,FQKPLPKATVESI,5,6.050666667,m_lipin
530,542,FQKPLPKATVESI,50,6.280333333,m_lipin
530,554,FQKPLPKATVESIMRDKMPKKGGRW,0.05,5.166666667,m_lipin
530,554,FQKPLPKATVESIMRDKMPKKGGRW,0.5,8.803666667,m_lipin
530,554,FQKPLPKATVESIMRDKMPKKGGRW,5,10.40233333,m_lipin
530,554,FQKPLPKATVESIMRDKMPKKGGRW,50,10.509,m_lipin
530,565,FQKPLPKATVESIMRDKMPKKGGRWWFSWRGRNATI,0.05,7.923333333,m_lipin
530,565,FQKPLPKATVESIMRDKMPKKGGRWWFSWRGRNATI,0.5,11.34633333,m_lipin
530,565,FQKPLPKATVESIMRDKMPKKGGRWWFSWRGRNATI,5,13.22166667,m_lipin
530,565,FQKPLPKATVESIMRDKMPKKGGRWWFSWRGRNATI,50,13.19733333,m_lipin
541,554,SIMRDKMPKKGGRW,0.05,3.047666667,m_lipin
541,554,SIMRDKMPKKGGRW,0.5,4.305666667,m_lipin
541,554,SIMRDKMPKKGGRW,5,4.603666667,m_lipin
541,554,SIMRDKMPKKGGRW,50,4.603,m_lipin
541,555,SIMRDKMPKKGGRWW,0.05,3,m_lipin
541,555,SIMRDKMPKKGGRWW,0.5,4.392333333,m_lipin
541,555,SIMRDKMPKKGGRWW,5,4.677333333,m_lipin
541,555,SIMRDKMPKKGGRWW,50,4.664666667,m_lipin
541,556,SIMRDKMPKKGGRWWF,0.05,3.518,m_lipin
541,556,SIMRDKMPKKGGRWWF,0.5,4.491666667,m_lipin
541,556,SIMRDKMPKKGGRWWF,5,4.828666667,m_lipin
541,556,SIMRDKMPKKGGRWWF,50,4.764,m_lipin
541,565,SIMRDKMPKKGGRWWFSWRGRNATI,0.05,5.788333333,m_lipin
541,565,SIMRDKMPKKGGRWWFSWRGRNATI,0.5,6.834666667,m_lipin
541,565,SIMRDKMPKKGGRWWFSWRGRNATI,5,7.347333333,m_lipin
541,565,SIMRDKMPKKGGRWWFSWRGRNATI,50,7.26,m_lipin
542,554,IMRDKMPKKGGRW,0.05,2.932,m_lipin
542,554,IMRDKMPKKGGRW,0.5,3.756333333,m_lipin
542,554,IMRDKMPKKGGRW,5,3.893333333,m_lipin
542,554,IMRDKMPKKGGRW,50,3.884,m_lipin
544,554,RDKMPKKGGRW,0.05,2.917333333,m_lipin
544,554,RDKMPKKGGRW,0.5,3.37,m_lipin
544,554,RDKMPKKGGRW,5,3.514666667,m_lipin
544,554,RDKMPKKGGRW,50,3.471,m_lipin
544,555,RDKMPKKGGRWW,0.05,2.829333333,m_lipin
544,555,RDKMPKKGGRWW,0.5,3.514,m_lipin
544,555,RDKMPKKGGRWW,5,3.588333333,m_lipin
544,555,RDKMPKKGGRWW,50,3.574666667,m_lipin
544,556,RDKMPKKGGRWWF,0.05,3.492666667,m_lipin
544,556,RDKMPKKGGRWWF,0.5,3.841333333,m_lipin
544,556,RDKMPKKGGRWWF,5,3.987,m_lipin
544,556,RDKMPKKGGRWWF,50,3.979333333,m_lipin
555,562,WFSWRGRN,0.05,3.035666667,m_lipin
555,562,WFSWRGRN,0.5,3.011,m_lipin
555,562,WFSWRGRN,5,3.085666667,m_lipin
555,562,WFSWRGRN,50,3.068,m_lipin
555,565,WFSWRGRNATI,0.05,4.010666667,m_lipin
555,565,WFSWRGRNATI,0.5,4.42,m_lipin
555,565,WFSWRGRNATI,5,4.518666667,m_lipin
555,565,WFSWRGRNATI,50,4.522,m_lipin
556,565,FSWRGRNATI,0.05,4.117,m_lipin
556,565,FSWRGRNATI,0.5,4.543333333,m_lipin
556,565,FSWRGRNATI,5,4.602,m_lipin
556,565,FSWRGRNATI,50,4.57,m_lipin
557,565,SWRGRNATI,0.05,3.409666667,m_lipin
557,565,SWRGRNATI,0.5,3.884333333,m_lipin
557,565,SWRGRNATI,5,3.877666667,m_lipin
557,565,SWRGRNATI,50,3.875666667,m_lipin
